{
  "IcoMoonType": "selection",
  "icons": [
    {
      "icon": {
        "paths": [
          "M619.179 952.442l-3.667-317.381c1.595-12.137 11.298-23.206 23.996-25.654l318.113-3.462c12.166 1.599 21.87-9.474 23.996-25.659l-1.468-177.161c1.599-12.137-9.504-21.827-25.727-23.959l-318.113 3.463c-12.166-1.599-23.269-11.289-25.727-23.959l-3.672-317.382c1.599-12.137-9.504-21.828-25.727-23.959l-177.571 1.356c-12.166-1.599-21.872 9.472-23.999 25.655l3.669 317.382c-1.595 12.137-11.301 23.208-23.999 25.655l-318.113 3.464c-12.166-1.599-21.872 9.472-23.999 25.655l1.468 177.163c-1.595 12.137 9.508 21.826 25.73 23.962l318.113-3.467c12.166 1.599 23.269 11.293 25.73 23.962l3.666 317.381c-1.595 12.137 9.508 21.826 25.73 23.962l177.571-1.356c12.698-2.448 22.401-13.522 24.001-25.659z"
        ],
        "attrs": [],
        "grid": 0,
        "tags": [
          "element"
        ]
      },
      "attrs": [],
      "properties": {
        "order": 104,
        "id": 2,
        "name": "element",
        "prevSize": 32
      },
      "setIdx": 1,
      "setId": 7,
      "iconIdx": 0
    },
    {
      "icon": {
        "paths": [
          "M46.526 724.695c-118.096-255.875-3.192-559.728 252.151-678.071s558.565-3.2 676.658 252.678c118.098 255.876 3.195 559.732-252.15 678.076-255.343 118.344-558.562 3.195-676.659-252.682zM186.964 660.726c82.986 179.118 293.645 259.077 475.579 175.918 178.739-83.159 258.534-294.257 175.544-476.571-82.985-182.312-293.642-259.076-475.575-175.916-178.74 83.16-258.535 297.457-175.548 476.569z"
        ],
        "attrs": [],
        "grid": 0,
        "tags": [
          "element2"
        ]
      },
      "attrs": [],
      "properties": {
        "order": 105,
        "id": 1,
        "name": "element2",
        "prevSize": 32
      },
      "setIdx": 1,
      "setId": 7,
      "iconIdx": 1
    },
    {
      "icon": {
        "paths": [
          "M46.526 724.695c-118.096-255.875-3.192-559.728 252.151-678.071s558.565-3.2 676.658 252.678c118.098 255.876 3.195 559.732-252.15 678.076-255.343 118.344-558.562 3.195-676.659-252.682zM186.964 660.726c82.986 179.118 293.645 259.077 475.579 175.918 178.739-83.159 258.534-294.257 175.544-476.571-82.985-182.312-293.642-259.076-475.575-175.916-178.74 83.16-258.535 297.457-175.548 476.569z"
        ],
        "attrs": [],
        "grid": 0,
        "tags": [
          "element3"
        ]
      },
      "attrs": [],
      "properties": {
        "order": 106,
        "id": 0,
        "name": "element3",
        "prevSize": 32
      },
      "setIdx": 1,
      "setId": 7,
      "iconIdx": 2
    }
  ],
  "height": 1024,
  "preferences": {
    "showGlyphs": true,
    "showQuickUse": true,
    "showQuickUse2": false,
    "showSVGs": true,
    "fontPref": {
      "prefix": "icon-",
      "metadata": {
        "fontFamily": "icomoon"
      },
      "metrics": {
        "emSize": 1024,
        "baseline": 6.25,
        "whitespace": 50
      },
      "embed": false
    },
    "imagePref": {
      "prefix": "icon-",
      "png": false,
      "useClassSelector": true,
      "color": 0,
      "bgColor": 16777215,
      "classSelector": ".icon",
      "name": "icomoon",
      "height": 32,
      "columns": 16,
      "margin": 16
    },
    "historySize": 50,
    "showCodes": true,
    "gridSize": 16
  }
}